{"cameraMode":{"drawMode":0,"name":"Shaded","section":"Shading Mode"},"sceneLighting":true,"audioPlay":false,"sceneViewState":{"showFog":false,"showMaterialUpdate":false,"showSkybox":false,"showFlares":false,"showImageEffects":false,"showParticleSystems":false},"in2DMode":false,"pivot":{"x":-0.033443450927734378,"y":0.5266209840774536,"z":0.07483410835266113},"rotation":{"x":-0.014707919210195542,"y":0.9585939645767212,"z":-0.05037368834018707,"w":-0.279909610748291},"size":3.240022659301758,"orthographic":false}